nombre,marca,precio,descripcion,imagen,categoria
Nike,Nike,$400.000 COP,Tenis importados bajo pedido. Consulta disponibilidad y tallas.,img/tenis nike1.jpeg,nike
Nike,Nike,$230.000 COP,Buzo importados bajo pedido. Consulta disponibilidad y tallas.,img/nikeimg2.jpeg,nike
Nike,Nike,$310.000 COP,Tenis importados bajo pedido. Consulta disponibilidad y tallas.,img/nikeimg3.jpeg,nike
Nike,Nike,$300.000 COP,Tenis importados bajo pedido. Consulta disponibilidad y tallas.,img/nikeimg4.jpeg,nike
Nike,Nike,$290.000 COP,Tenis importados bajo pedido. Consulta disponibilidad y tallas.,img/nikeimg5.jpeg,nike
Nike,Nike,$490.000 COP,Tenis importados bajo pedido. Consulta disponibilidad y tallas.,img/nikeimg6.jpeg,nike
Nike,Nike,$220.000 COP,Sudadera importados bajo pedido. Consulta disponibilidad y tallas.,img/nikeimg7.jpeg,nike
Nike,Nike,$90.000 COP,Camiseta importados bajo pedido. Consulta disponibilidad y tallas.,img/nikeimg9.jpeg,nike
Nike,Nike,$90.000 COP,Camiseta importados bajo pedido. Consulta disponibilidad y tallas.,img/nikeimg10.jpeg,nike
Nike,Nike,$220.000 COP,Sudadera importados bajo pedido. Consulta disponibilidad y tallas.,img/nikeimg11.jpeg,nike
Nike,Nike,$115.000 COP,Pantalón de sudadera importados bajo pedido. Consulta disponibilidad y tallas.,img/nikeimg12.jpeg,nike
Nike,Nike,$180.000 COP,Buzo importados bajo pedido. Consulta disponibilidad y tallas.,img/nikeimg14.jpeg,nike
Nike,Nike,$145.000 COP,Top deportivo importados bajo pedido. Consulta disponibilidad y tallas.,img/nikeimg15.jpeg,nike
Nike,Nike,$200.000 COP,Top deportivo importados bajo pedido. Consulta disponibilidad y tallas.,img/nikeimg16.jpeg,nike
Nike,Nike,$125.000 COP,Top deportivo importados bajo pedido. Consulta disponibilidad y tallas.,img/nikeimg17.jpeg,nike
Nike,Nike,$220.000 COP,Canguro importados bajo pedido. Consulta disponibilidad y tallas.,img/nikeimg13.jpeg,nike
Nike,Nike,$232.000 COP,buzo importados bajo pedido. Consulta disponibilidad y tallas.,img/nikeimg19.jpeg,nike
Nike,Nike,$125.000 COP,Buzo importados bajo pedido. Consulta disponibilidad y tallas.,img/nikeimg18.jpeg,nike
Nike,Nike,$240.000 COP,Buzo importados bajo pedido. Consulta disponibilidad y tallas.,img/nikeimg20.jpeg,nike
Nike,Nike,$455.000 COP,Sudadera importados bajo pedido. Consulta disponibilidad y tallas.,img/nikeimg21.jpeg,nike
Nike,Nike,$370.000 COP,Sudadera importados bajo pedido. Consulta disponibilidad y tallas.,img/nikeimg22.jpeg,nike
Nike,Nike,$95.000 COP,Camiseta importados bajo pedido. Consulta disponibilidad y tallas.,img/nikeimg23.jpeg,nike
Nike,Nike,$220.000 COP,Pantalón importados bajo pedido. Consulta disponibilidad y tallas.,img/nikeimg24.jpeg,nike
Nike,Nike,$455.000 COP,Sudadera importados bajo pedido. Consulta disponibilidad y tallas.,img/nikeimg21.jpeg,nike
Adidas Samba,Adidas,$289.000 COP,Sneakers importados estilo urbano.,img/adidas1.jpeg,adidas
Adidas Samba,Adidas,$270.000 COP,Sneakers importados estilo urbano.,img/adidas2.jpeg,adidas
Adidas Running,Adidas,$349.000 COP,Sneakers importados estilo urbano.,img/adidas3.jpeg,adidas
Adidas ,Adidas,$310.000 COP,Sneakers importados estilo urbano.,img/adidas4.jpeg,adidas
Adidas Samba,Adidas,$270.000 COP,Sneakers importados estilo urbano.,img/adidas5.jpeg,adidas
Adidas Adizero evo sl mujer,Adidas,$349.000 COP,Sneakers importados estilo urbano.,img/adidas6.jpeg,adidas
Adidas Samba,Adidas,$255.000 COP,Sneakers importados estilo urbano.,img/adidas7.jpeg,adidas
Adidas Adizero Boston 13 mujer,Adidas,$370.000 COP,Sneakers importados estilo urbano.,img/adidas9.jpeg,adidas
Adidas,Adidas,$270.000 COP,Sneakers importados estilo urbano.,img/adidas10.jpeg,adidas
Adidas Adizero adios pro 4,Adidas,$580.000 COP,Sneakers importados estilo urbano.,img/adidas11.jpeg,adidas
Adidas ,Adidas,$250.000 COP,Sneakers importados estilo urbano.,img/adidas12.png,adidas
Adidas Minecraft niño,Adidas,$160.000 COP,Sneakers importados estilo urbano.,img/adidas13.jpeg,adidas
Adidas Disney frozen niñas ,Adidas,$150.000 COP,Sneakers importados estilo urbano.,img/adidas14.jpeg,adidas
Adidas Disney frozen niñas ,Adidas,$150.000 COP,Sneakers importados estilo urbano.,img/adidas15.jpeg,adidas
Adidas Campus niño ,Adidas,$180.000 COP,Sneakers importados estilo urbano.,img/adidas16.jpeg,adidas
Adidas Dame X ,Adidas,$240.000 COP,Sneakers importados estilo urbano.,img/adidas17.png,adidas
Adidas ,Adidas,$470.000 COP,Sneakers importados estilo urbano.,img/adidas18.jpeg,adidas
Adidas Hombre ,Adidas,$280.000 COP,Sneakers importados estilo urbano.,img/adidas19.jpeg,adidas
Adidas hombre,Adidas,$275.000 COP,Sneakers importados estilo urbano.,img/adidas20.jpeg,adidas
Adidas Samba hombre,Adidas,$260.000 COP,Sneakers importados estilo urbano.,img/adidas21.png,adidas
Adidas Pantalón hombre Demin jeans,Adidas,$330.000 COP, Importados estilo urbano.,img/adidas22.png,adidas
Adidas Buzo hombre,Adidas,$149.000 COP, Importados estilo urbano.,img/adidas23.png,adidas
Adidas Sudadera hombre,Adidas,$252.000 COP, Importados estilo urbano.,img/adidas24.png,adidas
Adidas Buzo hombre,Adidas,$271.000 COP, Importados estilo urbano.,img/adidas25.png,adidas
Adidas Camiseta hombre,Adidas,$97.000 COP, Importados estilo urbano.,img/adidas26.png,adidas
Adidas Pantaloneta hombre,Adidas,$110.000 COP, Importados estilo urbano.,img/adidas27.png,adidas
Adidas Camiseta,Adidas,$156.000 COP, Importados estilo urbano.,img/adidas29.png,adidas
Adidas Camiseta,Adidas,$89.000 COP, Importados estilo urbano.,img/adidas30.png,adidas
Adidas Buzo,Adidas,$150.000 COP, Importados estilo urbano.,img/adidas31.png,adidas
Adidas Buzo,Adidas,$150.000 COP, Importados estilo urbano.,img/adidas32.png,adidas
Adidas Sudadera,Adidas,$140.000 COP, Importados estilo urbano.,img/adidas33.png,adidas
Adidas Samba,Adidas,$510.000 COP,Sneakers importados estilo urbano.,img/adidas34.png,adidas
Adidas Sudadera Mujer,Adidas,$150.000 COP, Importados estilo urbano.,img/adidas35.png,adidas
Adidas Sudadera Mujer,Adidas,$150.000 COP, Importados estilo urbano.,img/adidas36.png,adidas
Adidas Top,Adidas,$116.000 COP, Importados estilo urbano.,img/adidas37.png,adidas
Adidas Top,Adidas,$150.000 COP, Importados estilo urbano.,img/adidas38.png,adidas
Adidas Pantalón,Adidas,$199.000 COP, Importados estilo urbano.,img/adidas39.png,adidas
Adidas Camisa Corta,Adidas,$110.000 COP, Importados estilo urbano.,img/adidas40.png,adidas
Adidas Chaqueta,Adidas,$260.000 COP, Importados estilo urbano.,img/adidas41.png,adidas
Adidas Chaqueta,Adidas,$200.000 COP, Importados estilo urbano.,img/adidas42.png,adidas
Adidas Camiseta,Adidas,$99.000 COP, Importados estilo urbano.,img/adidas43.png,adidas
Adidas Chaqueta,Adidas,$740.000 COP, Importados estilo urbano.,img/adidas44.png,adidas
Adidas Chaqueta,Adidas,$252.000 COP, Importados estilo urbano.,img/adidas45.jpeg,adidas
Classic Hoodie,Tommy Hilfiger,$150.000 COP,Buzo clásico importado.,img/tommy1.jpeg,tommy
Camiseta,Tommy Hilfiger,$80.000 COP,Camiseta importada.,img/tommy2.png,tommy
Camiseta,Tommy Hilfiger,$80.000 COP,Camiseta importada.,img/tommy3.png,tommy
Jean,Tommy Hilfiger,$130.000 COP,Jean importado.,img/tommy4.png,tommy
Mountain Vest,The North Face,$389.000 COP,Chaleco outdoor premium.,img/products/product4.jpg,north-face
Buzo Columbia,Columbia,$150.000 COP,Buzo Clasico para clima frío.,img/columbia4.jpeg,columbia
Buzo Columbia,Columbia,$160.000 COP,Buzo Clasico para clima frío.,img/columbia5.jpeg,columbia
Chaqueta Columbia,Columbia,$205.000 COP,Chaqueta para clima frío.,img/columbia6.jpeg,columbia
Chaqueta Columbia,Columbia,$295.000 COP,Chaqueta para clima frío.,img/columbia9.jpeg,columbia
Chaqueta Columbia,Columbia,$280.000 COP,Chaqueta.,img/columbia7.jpeg,columbia
Chaqueta Columbia,Columbia,$200.000 COP,Chaqueta para clima frío.,img/columbia2.jpeg,columbia
Chaqueta Columbia,Columbia,$240.000 COP,Chaqueta para clima frío.,img/columbia8.jpeg,columbia
Chaqueta Columbia,Columbia,$460.000 COP,Chaqueta para clima frío.,img/columbia3.jpeg,columbia
Puma,Otras Marcas,$95.000 COP,Producto disponible bajo pedido.,img/puma1.jpeg,otras
Puma,Otras Marcas,$95.000 COP,Producto disponible bajo pedido.,img/puma2.jpeg,otras
Magnesio,Marca Natural Calm,$170.000 COP,"Magnesio, producto disponible bajo pedido.",img/otras1.jpeg,otras
Centrum Women,Marca Centrum,$125.000 COP,"Centrum Womer, producto disponible bajo pedido.",img/otras2.jpeg,otras
Tenis puma,Puma,$175.000 COP,"Tenis, producto disponible bajo pedido.",img/otras3.jpeg,otras
Reebook Tenis,Marca Reebook,$199.000 COP,"Tenis producto disponible bajo pedido.",img/otras4.jpeg,otras